SKU,Count,Sum,Average,Max
5201100337,5,13,2.60,4
5201100339,3,5,1.67,2
5201103238,4,12,3.00,4
5201103338,2,2,1.00,1
5201103339,4,4,1.00,1
5201103340,10,18,1.80,4
5201103840,2,5,2.50,3
5201200534,1,1,1.00,1
5201200535,4,4,1.00,1
5201200536,7,7,1.00,1
5201200537,1,1,1.00,1
5201200538,21,51,2.43,5
5201200539,12,18,1.50,2
5202400535,27,30,1.11,2
5202400536,42,59,1.40,3
5202400537,28,34,1.21,2
5202400538,22,32,1.45,2
5202400539,15,15,1.00,1
5202400635,2,2,1.00,1
5202400636,8,8,1.00,1
5202400637,8,8,1.00,1
5202400638,11,21,1.91,5
5202400639,8,12,1.50,3
6291200834,2,4,2.00,2
6491104537,1,3,3.00,3
6491104538,1,2,2.00,2
6491201738,1,2,2.00,2
6491201739,1,2,2.00,2
6492302338,1,2,2.00,2
7221205239,4,4,1.00,1
7221205338,1,1,1.00,1
7291100435,4,4,1.00,1
7291100634,3,3,1.00,1
7291100635,8,12,1.50,3
7291100636,7,12,1.71,3
7291100637,7,12,1.71,3
7291100638,5,11,2.20,3
7291100639,4,4,1.00,1
7291200535,1,2,2.00,2
7291200636,1,1,1.00,1
7291200637,2,2,1.00,1
7291200638,1,2,2.00,2
7291200639,1,2,2.00,2
7291200936,2,2,1.00,1
7291200937,4,4,1.00,1
7291200938,2,2,1.00,1
7291200939,2,4,2.00,2
7291201035,2,2,1.00,1
7291201036,2,3,1.50,2
7291201037,2,2,1.00,1
7291201038,2,3,1.50,2
7291201436,2,2,1.00,1
7291201437,2,3,1.50,2
7291202238,1,2,2.00,2
7291202239,1,2,2.00,2
7293101136,3,3,1.00,1
7293101137,1,1,1.00,1
7293101836,2,2,1.00,1
7293101837,2,2,1.00,1
7293101838,1,2,2.00,2
7293101839,1,1,1.00,1
7293101935,1,1,1.00,1
7293101936,1,1,1.00,1
7293101937,1,1,1.00,1
7293101938,2,2,1.00,1
7293300635,13,16,1.23,2
7293300636,12,18,1.50,3
7293300637,10,13,1.30,2
7293300639,1,1,1.00,1
14132316237,1,1,1.00,1
14132316238,1,2,2.00,2
14132316239,2,2,1.00,1
14132316240,1,2,2.00,2
14132316241,1,1,1.00,1
14132348638,2,2,1.00,1
14132348639,2,2,1.00,1
14132348640,1,2,2.00,2
14132348641,1,2,2.00,2
14132348643,1,1,1.00,1
14142301938,1,2,2.00,2
14142301939,1,2,2.00,2
14142301940,1,2,2.00,2
14142301941,2,2,1.00,1
14142301942,1,1,1.00,1
14142302238,1,2,2.00,2
14142302239,2,2,1.00,1
14142302240,2,2,1.00,1
14142302241,1,2,2.00,2
14142302242,1,1,1.00,1
14161111438,1,1,1.00,1
14161111439,2,2,1.00,1
14161111440,1,2,2.00,2
14161111441,1,2,2.00,2
14161111442,1,1,1.00,1
15202400335,3,3,1.00,1
16101200241,7,7,1.00,1
16101200242,5,6,1.20,2
16101200243,6,10,1.67,2
16101200438,3,4,1.33,2
16101200439,2,2,1.00,1
16101200440,1,1,1.00,1
16101200441,3,9,3.00,3
16101200638,2,2,1.00,1
16101200639,2,2,1.00,1
16101200640,2,4,2.00,2
16101200641,5,21,4.20,6
16103105638,1,1,1.00,1
16103105639,1,1,1.00,1
16103105641,1,2,2.00,2
16103105642,1,1,1.00,1
16103105738,2,2,1.00,1
16103105739,2,2,1.00,1
16103105741,2,4,2.00,2
16103105742,2,2,1.00,1
16103105743,2,3,1.50,2
16103105838,4,4,1.00,1
16103105839,4,4,1.00,1
16103105840,2,2,1.00,1
16103105841,8,10,1.25,2
16103105842,2,3,1.50,2
16103105843,2,2,1.00,1
16103105844,1,1,1.00,1
16103107338,1,7,7.00,7
16103107339,1,1,1.00,1
16103107538,2,6,3.00,3
16103107539,1,1,1.00,1
16103107540,1,1,1.00,1
16103108138,1,1,1.00,1
16103108139,4,7,1.75,3
16103108140,3,3,1.00,1
16103108141,4,10,2.50,4
16103108238,6,8,1.33,2
16103108239,10,15,1.50,2
16103108240,7,12,1.71,3
16103108241,11,14,1.27,2
16103108242,4,4,1.00,1
16103108243,2,2,1.00,1
16103109438,4,7,1.75,3
16103109439,2,3,1.50,2
16103109440,4,6,1.50,2
16103109441,5,13,2.60,4
16103109443,3,3,1.00,1
16103109639,1,1,1.00,1
16103109640,1,1,1.00,1
16103109641,1,1,1.00,1
16103109642,1,1,1.00,1
16103113538,4,4,1.00,1
16103113539,3,4,1.33,2
16141318738,1,2,2.00,2
16141318739,5,11,2.20,4
16141318740,2,4,2.00,3
16141318741,3,9,3.00,4
16141318742,1,1,1.00,1
16141318838,3,4,1.33,2
16141318839,1,1,1.00,1
16141318840,3,5,1.67,2
16141318841,1,1,1.00,1
16141318842,1,1,1.00,1
16141318843,1,1,1.00,1
16191101141,1,1,1.00,1
16191101142,2,5,2.50,4
16191101143,2,8,4.00,5
16191101939,3,3,1.00,1
16191101940,4,9,2.25,3
16191101941,5,10,2.00,3
16191102141,1,2,2.00,2
16191102143,2,3,1.50,2
16191102240,1,1,1.00,1
16191102241,3,5,1.67,2
16191102242,3,3,1.00,1
16191102243,4,5,1.25,2
16193115038,6,6,1.00,1
16193115039,8,9,1.13,2
16193115040,11,17,1.55,3
16193115041,12,23,1.92,4
16193115042,3,3,1.00,1
16193115043,3,3,1.00,1
16193416138,1,1,1.00,1
16193416139,1,1,1.00,1
16193416140,7,11,1.57,3
16193416141,7,12,1.71,3
16193416142,6,9,1.50,3
16193416143,5,6,1.20,2
16193416238,8,8,1.00,1
16193416239,15,17,1.13,2
16193416240,16,26,1.63,3
16193416241,13,27,2.08,4
16193416242,10,12,1.20,2
16193416243,5,5,1.00,1
16201100335,4,5,1.25,2
16201100336,11,16,1.45,3
16201100338,5,6,1.20,2
16202300535,12,18,1.50,3
16202313534,1,1,1.00,1
16202313535,5,8,1.60,3
16202313536,8,11,1.38,2
16202313537,4,6,1.50,2
16202313538,5,6,1.20,2
16202313539,9,12,1.33,2
16202313540,2,2,1.00,1
16202324935,4,9,2.25,3
16202324936,4,7,1.75,2
16202325235,1,3,3.00,3
16202400435,17,37,2.18,4
16202400436,9,9,1.00,1
16202400535,3,9,3.00,5
16202400536,4,9,2.25,4
16202400537,2,2,1.00,1
16202400538,1,1,1.00,1
16202400635,4,14,3.50,4
16202400636,2,2,1.00,1
16202400735,2,2,1.00,1
16202400736,3,4,1.33,2
16202400737,7,12,1.71,3
16202400738,4,4,1.00,1
16202400739,4,5,1.25,2
16202400835,2,3,1.50,2
16202400836,1,4,4.00,4
16202500034,7,7,1.00,1
16202500035,10,14,1.40,2
16202500134,8,10,1.25,2
16202500135,11,15,1.36,3
16202500136,11,18,1.64,3
16202500137,10,10,1.00,1
16202500138,2,2,1.00,1
16202500139,1,1,1.00,1
16202500434,3,3,1.00,1
16202500435,12,18,1.50,2
16202500436,9,12,1.33,2
16202500437,6,6,1.00,1
16202500438,2,2,1.00,1
16291100434,3,3,1.00,1
16291100435,9,16,1.78,3
16291100436,6,12,2.00,4
16291100437,11,16,1.45,3
16291100438,8,11,1.38,2
16291100439,6,8,1.33,2
16291100536,1,2,2.00,2
16291100537,2,2,1.00,1
16291100538,1,1,1.00,1
16291101136,1,2,2.00,2
16292300335,3,6,2.00,3
16292300435,1,1,1.00,1
16292300436,4,5,1.25,2
16292300535,4,6,1.50,2
16292400135,1,1,1.00,1
16292400138,1,1,1.00,1
16292400139,1,1,1.00,1
16531121041,1,2,2.00,2
16531121042,1,2,2.00,2
16531121043,1,2,2.00,2
16531121044,1,2,2.00,2
17101100638,2,2,1.00,1
17101100639,2,2,1.00,1
17101100640,3,5,1.67,3
17101100641,3,4,1.33,2
17101100642,2,2,1.00,1
17101100643,4,7,1.75,3
17101101339,1,2,2.00,2
17101101341,1,3,3.00,3
17101101342,1,2,2.00,2
17101101440,1,1,1.00,1
17101101441,2,2,1.00,1
17101101443,3,4,1.33,2
17101114538,3,3,1.00,1
17101114539,2,2,1.00,1
17101114540,11,19,1.73,4
17101114541,11,20,1.82,4
17101114542,4,4,1.00,1
17101114543,7,7,1.00,1
17101114638,11,11,1.00,1
17101114639,11,12,1.09,2
17101114640,21,32,1.52,3
17101114641,23,38,1.65,5
17101114642,9,9,1.00,1
17101114643,14,15,1.07,2
17101114644,6,6,1.00,1
17101114738,1,1,1.00,1
17101114739,2,2,1.00,1
17101114740,4,4,1.00,1
17101114741,3,4,1.33,2
17101114742,3,4,1.33,2
17101114744,1,1,1.00,1
17101114838,10,10,1.00,1
17101114839,13,14,1.08,2
17101114840,15,17,1.13,2
17101114841,16,21,1.31,2
17101114842,7,8,1.14,2
17101114843,7,7,1.00,1
17103108437,3,3,1.00,1
17103108438,3,3,1.00,1
17103108439,11,11,1.00,1
17103108440,15,18,1.20,3
17103108441,17,20,1.18,2
17103108442,13,16,1.23,2
17103108443,17,22,1.29,2
17103108444,8,8,1.00,1
17103108538,2,2,1.00,1
17103108539,3,3,1.00,1
17103108540,8,11,1.38,3
17103108541,4,4,1.00,1
17103108542,4,4,1.00,1
17103108543,4,4,1.00,1
17103108637,2,2,1.00,1
17103108638,5,5,1.00,1
17103108640,8,8,1.00,1
17103108641,15,23,1.53,3
17103108642,11,16,1.45,2
17103108643,16,16,1.00,1
17103108738,6,6,1.00,1
17103108739,8,11,1.38,2
17103108740,10,13,1.30,2
17103108741,6,7,1.17,2
17103108742,6,6,1.00,1
17103108743,6,7,1.17,2
17103114937,3,3,1.00,1
17103114938,3,3,1.00,1
17103114939,1,1,1.00,1
17103114940,4,4,1.00,1
17103114941,5,6,1.20,2
17103114942,3,3,1.00,1
17103114943,3,3,1.00,1
17103115037,5,6,1.20,2
17103115038,6,6,1.00,1
17103115039,3,3,1.00,1
17103115040,3,3,1.00,1
17103115041,3,4,1.33,2
17103115042,2,2,1.00,1
17103115043,3,4,1.33,2
17103115138,1,3,3.00,3
17103115140,1,1,1.00,1
17103115142,1,1,1.00,1
17103115143,2,3,1.50,2
17103115238,1,2,2.00,2
17103115239,1,1,1.00,1
17103115240,1,1,1.00,1
17103115241,1,2,2.00,2
17103115242,1,1,1.00,1
17103115337,1,1,1.00,1
17103115338,1,1,1.00,1
17103115339,1,1,1.00,1
17103115340,1,1,1.00,1
17103115341,2,2,1.00,1
17103115342,1,1,1.00,1
17103115343,1,1,1.00,1
17103115439,2,2,1.00,1
17103115440,1,2,2.00,2
17103115441,1,2,2.00,2
17103115442,2,2,1.00,1
17103115443,1,2,2.00,2
17103115537,1,1,1.00,1
17103115538,1,2,2.00,2
17103115539,1,1,1.00,1
17103115541,1,1,1.00,1
17103115543,1,1,1.00,1
17105100538,1,2,2.00,2
17105100540,1,1,1.00,1
17105100542,1,1,1.00,1
17105100543,1,2,2.00,2
17105100544,1,1,1.00,1
17105200038,9,14,1.56,3
17105200039,10,16,1.60,2
17105200040,6,7,1.17,2
17105200041,8,12,1.50,2
17105200042,5,7,1.40,2
17105200043,6,7,1.17,2
17105200044,2,2,1.00,1
17121101438,3,3,1.00,1
17121101439,1,1,1.00,1
17121101441,1,1,1.00,1
17121101442,1,1,1.00,1
17121103438,1,1,1.00,1
17121103439,1,2,2.00,2
17121116938,1,1,1.00,1
17121116939,1,1,1.00,1
17121117039,1,1,1.00,1
17121117040,1,1,1.00,1
17121165639,5,7,1.40,2
17121165640,4,6,1.50,2
17121165641,6,8,1.33,2
17121165841,2,3,1.50,2
17121173040,1,1,1.00,1
17121173041,1,1,1.00,1
17121173042,1,1,1.00,1
17121177839,2,2,1.00,1
17121177840,1,1,1.00,1
17121177841,1,1,1.00,1
17121177842,1,1,1.00,1
17121177844,1,1,1.00,1
17121179039,1,1,1.00,1
17121179040,1,1,1.00,1
17121179241,1,1,1.00,1
17121179242,1,1,1.00,1
17121181042,1,2,2.00,2
17121181043,1,1,1.00,1
17121251339,1,2,2.00,2
17121251341,1,1,1.00,1
17121251342,1,1,1.00,1
17121251343,1,1,1.00,1
17121381540,2,2,1.00,1
17121381541,2,2,1.00,1
17121383239,1,1,1.00,1
17121383241,2,2,1.00,1
17121383242,1,1,1.00,1
17121383243,1,1,1.00,1
17133100039,1,1,1.00,1
17133100040,1,1,1.00,1
17133100940,1,1,1.00,1
17133100941,1,1,1.00,1
17133102241,1,2,2.00,2
17133102838,1,1,1.00,1
17133102840,1,1,1.00,1
17133103838,1,1,1.00,1
17133103839,1,1,1.00,1
17133103841,1,2,2.00,2
17133103939,1,1,1.00,1
17133103940,1,1,1.00,1
17133103941,1,1,1.00,1
17133113438,1,2,2.00,2
17133174038,1,1,1.00,1
17133174039,1,1,1.00,1
17133174041,1,1,1.00,1
17133174240,1,1,1.00,1
17133174241,1,1,1.00,1
17143119241,2,2,1.00,1
17143119242,2,2,1.00,1
17143119243,1,1,1.00,1
17143120339,1,1,1.00,1
17143120340,1,2,2.00,2
17143123043,1,1,1.00,1
17143231338,1,1,1.00,1
17143231339,1,1,1.00,1
17143231340,1,1,1.00,1
17143231341,1,1,1.00,1
17143231342,1,1,1.00,1
17143872440,1,1,1.00,1
17143872441,2,2,1.00,1
17145196838,1,1,1.00,1
17145196839,3,4,1.33,2
17145196840,4,4,1.00,1
17145196841,4,5,1.25,2
17145196842,1,1,1.00,1
17145196843,2,2,1.00,1
17145196844,2,2,1.00,1
17145242638,3,3,1.00,1
17145242639,3,3,1.00,1
17145242640,4,4,1.00,1
17145242641,3,6,2.00,2
17145242642,3,3,1.00,1
17145242643,1,1,1.00,1
17145242738,1,1,1.00,1
17145242739,1,1,1.00,1
17145242740,1,2,2.00,2
17145242741,1,1,1.00,1
17145242742,1,1,1.00,1
17145244038,1,1,1.00,1
17145244039,2,2,1.00,1
17145244040,2,2,1.00,1
17145244041,1,1,1.00,1
17145244042,1,1,1.00,1
17145244043,1,1,1.00,1
17145244239,1,1,1.00,1
17145244240,1,1,1.00,1
17145244241,2,2,1.00,1
17145244242,1,1,1.00,1
17145244538,1,1,1.00,1
17145244540,1,1,1.00,1
17145257638,1,1,1.00,1
17145257641,1,2,2.00,2
17145257739,1,1,1.00,1
17145257740,1,1,1.00,1
17145257741,1,2,2.00,2
17191102338,1,1,1.00,1
17191102339,1,1,1.00,1
17191102340,8,10,1.25,2
17191102341,10,35,3.50,7
17191102342,5,5,1.00,1
17191102343,4,4,1.00,1
17191102439,1,1,1.00,1
17191102440,1,2,2.00,2
17191102441,1,2,2.00,2
17191102442,1,1,1.00,1
17191102443,1,2,2.00,2
17191102540,1,2,2.00,2
17191102541,1,5,5.00,5
17191102542,1,1,1.00,1
17191102638,2,3,1.50,2
17191102639,2,2,1.00,1
17191102640,2,2,1.00,1
17191102641,4,5,1.25,2
17191102642,2,3,1.50,2
17191102643,1,1,1.00,1
17191104039,2,2,1.00,1
17191104040,9,9,1.00,1
17191104041,8,11,1.38,2
17191104042,9,12,1.33,2
17191104043,7,7,1.00,1
17191104138,7,7,1.00,1
17191104139,9,11,1.22,2
17191104140,10,13,1.30,2
17191104141,6,7,1.17,2
17191104142,6,7,1.17,2
17191104143,8,9,1.13,2
17191104238,1,1,1.00,1
17191104239,3,4,1.33,2
17191104240,2,2,1.00,1
17191104241,3,6,2.00,3
17191104242,2,3,1.50,2
17191105338,3,3,1.00,1
17191105339,4,6,1.50,2
17191105340,2,2,1.00,1
17191105341,2,2,1.00,1
17191105342,4,4,1.00,1
17191105343,3,4,1.33,2
17191105438,3,3,1.00,1
17191105439,4,4,1.00,1
17191105440,9,14,1.56,3
17191105441,3,3,1.00,1
17191105442,5,5,1.00,1
17191105443,7,9,1.29,2
17191106338,5,5,1.00,1
17191106339,3,3,1.00,1
17191106340,10,10,1.00,1
17191106341,7,10,1.43,2
17191106342,6,7,1.17,2
17191106343,8,10,1.25,2
17191106344,1,1,1.00,1
17191106439,4,4,1.00,1
17191106440,4,5,1.25,2
17191106441,6,8,1.33,2
17191106442,5,7,1.40,2
17191106443,4,4,1.00,1
17193110139,1,2,2.00,2
17193110140,2,2,1.00,1
17193110141,1,1,1.00,1
17193110142,2,4,2.00,2
17193110143,2,2,1.00,1
17193111538,3,3,1.00,1
17193111539,3,3,1.00,1
17193111540,4,5,1.25,2
17193111541,5,10,2.00,3
17193111542,1,1,1.00,1
17193111543,5,6,1.20,2
17193114139,3,6,2.00,3
17193114140,2,2,1.00,1
17193114141,2,2,1.00,1
17193114142,4,5,1.25,2
17193114143,1,1,1.00,1
17193114338,3,3,1.00,1
17193114339,6,7,1.17,2
17193114340,8,8,1.00,1
17193114341,9,12,1.33,3
17193114342,6,6,1.00,1
17193114343,1,1,1.00,1
17193115838,1,1,1.00,1
17193115839,1,1,1.00,1
17193115840,1,1,1.00,1
17193115841,1,1,1.00,1
17193115842,1,1,1.00,1
17193115843,1,1,1.00,1
17193116138,7,7,1.00,1
17193116139,6,7,1.17,2
17193116140,11,16,1.45,2
17193116141,10,13,1.30,2
17193116142,2,2,1.00,1
17193116238,5,5,1.00,1
17193116239,6,8,1.33,2
17193116240,8,11,1.38,2
17193116241,10,11,1.10,2
17193116242,5,5,1.00,1
17193116243,4,4,1.00,1
17193116539,1,2,2.00,2
17193116540,1,1,1.00,1
17193116541,1,2,2.00,2
17193116542,1,2,2.00,2
17193116543,1,1,1.00,1
17193116639,3,3,1.00,1
17193116640,3,4,1.33,2
17193116641,4,5,1.25,2
17193116642,4,4,1.00,1
17193116643,4,5,1.25,2
17193116737,1,1,1.00,1
17193116738,2,2,1.00,1
17193116739,2,2,1.00,1
17193116740,6,6,1.00,1
17193116741,10,13,1.30,2
17193116742,7,9,1.29,2
17193116743,5,5,1.00,1
17193116744,1,1,1.00,1
17193116838,3,3,1.00,1
17193116839,4,4,1.00,1
17193116840,9,10,1.11,2
17193116841,7,8,1.14,2
17193116842,9,10,1.11,2
17193116843,10,10,1.00,1
17193116844,1,1,1.00,1
17193116937,4,4,1.00,1
17193116938,5,5,1.00,1
17193116939,5,5,1.00,1
17193116940,15,25,1.67,4
17193116941,12,24,2.00,3
17193116942,9,12,1.33,2
17193116943,11,13,1.18,2
17193117037,2,2,1.00,1
17193117038,4,4,1.00,1
17193117039,7,8,1.14,2
17193117040,13,16,1.23,2
17193117041,9,11,1.22,2
17193117042,9,10,1.11,2
17193117043,6,6,1.00,1
17195113238,9,9,1.00,1
17195113239,23,23,1.00,1
17195113240,34,35,1.03,2
17195113241,41,56,1.37,3
17195113242,29,32,1.10,2
17195113243,26,26,1.00,1
17195113338,6,6,1.00,1
17195113339,15,15,1.00,1
17195113340,38,58,1.53,2
17195113341,37,51,1.38,2
17195113342,36,56,1.56,2
17195113343,33,33,1.00,1
17203105435,4,4,1.00,1
17203105436,10,10,1.00,1
17203105437,11,13,1.18,2
17203105438,22,26,1.18,2
17203105439,17,20,1.18,2
17203105440,6,6,1.00,1
17203105536,2,3,1.50,2
17203105537,2,2,1.00,1
17203105538,3,6,2.00,4
17203105539,2,3,1.50,2
17203105540,1,1,1.00,1
17203106338,1,2,2.00,2
17203106339,1,4,4.00,4
17203106340,1,2,2.00,2
17203106435,2,2,1.00,1
17203106436,1,3,3.00,3
17203106437,2,2,1.00,1
17203106438,2,7,3.50,4
17203106439,3,7,2.33,3
17203106440,1,1,1.00,1
17203107135,2,2,1.00,1
17203107136,1,3,3.00,3
17203107138,2,10,5.00,7
17203107236,1,4,4.00,4
17203107238,1,3,3.00,3
17203107239,1,1,1.00,1
17203108335,1,1,1.00,1
17203108336,2,3,1.50,2
17203108339,1,2,2.00,2
17203120334,1,1,1.00,1
17203120335,8,15,1.88,3
17203120336,11,15,1.36,2
17203120337,9,10,1.11,2
17203120338,6,7,1.17,2
17203120339,3,3,1.00,1
17203120435,11,15,1.36,2
17203120436,15,18,1.20,2
17203120437,9,9,1.00,1
17203120438,15,18,1.20,2
17203120439,1,1,1.00,1
17203120535,20,20,1.00,1
17203120536,20,20,1.00,1
17203120537,20,20,1.00,1
17203120538,20,20,1.00,1
17203120539,7,7,1.00,1
17203120540,3,3,1.00,1
17203120736,1,1,1.00,1
17203120737,1,1,1.00,1
17203120738,1,3,3.00,3
17203120739,1,1,1.00,1
17203120835,19,26,1.37,2
17203120836,17,21,1.24,4
17203120837,17,28,1.65,5
17203120838,14,25,1.79,5
17203120839,8,8,1.00,1
17203120840,4,4,1.00,1
17203120935,9,12,1.33,2
17203120936,2,2,1.00,1
17203120937,7,7,1.00,1
17203120938,8,11,1.38,2
17203120939,7,7,1.00,1
17203121035,20,28,1.40,2
17203121036,26,45,1.73,3
17203121037,13,18,1.38,2
17203121038,1,1,1.00,1
17203121039,5,5,1.00,1
17203121135,11,20,1.82,3
17203121136,12,26,2.17,4
17203121137,9,14,1.56,2
17203121138,2,2,1.00,1
17203121139,2,2,1.00,1
17203121235,8,13,1.63,3
17203121236,6,8,1.33,2
17203121237,7,11,1.57,3
17203121238,3,3,1.00,1
17203121239,1,1,1.00,1
17221101135,2,2,1.00,1
17221101235,2,2,1.00,1
17221101236,2,3,1.50,2
17221101237,4,4,1.00,1
17221101238,1,1,1.00,1
17221101239,1,1,1.00,1
17221103937,1,1,1.00,1
17221103938,1,1,1.00,1
17243101537,1,3,3.00,3
17243108136,1,2,2.00,2
17291104334,1,1,1.00,1
17291104335,1,1,1.00,1
17291104339,1,1,1.00,1
17291104437,1,1,1.00,1
17291104438,1,1,1.00,1
17291104439,1,1,1.00,1
17291105835,1,1,1.00,1
17291105836,2,4,2.00,2
17291105837,2,3,1.50,2
17291105838,2,3,1.50,2
17291105839,2,3,1.50,2
17291105934,3,6,2.00,2
17291105935,4,7,1.75,3
17291105936,2,2,1.00,1
17291105938,1,2,2.00,2
17291105939,1,2,2.00,2
17291105940,1,1,1.00,1
17291106734,1,1,1.00,1
17291106735,2,3,1.50,2
17291106736,2,4,2.00,3
17291106737,2,4,2.00,2
17291106738,2,3,1.50,2
17291106739,1,1,1.00,1
17291106740,1,1,1.00,1
17291106835,2,4,2.00,2
17291106836,2,2,1.00,1
17291106837,2,4,2.00,3
17291106838,2,4,2.00,3
17291106839,3,4,1.33,2
17291106840,1,1,1.00,1
17291109436,2,2,1.00,1
17291109438,1,1,1.00,1
17291109439,1,1,1.00,1
17291109636,1,1,1.00,1
17291109639,1,1,1.00,1
17291110634,2,2,1.00,1
17291110635,3,4,1.33,2
17291110636,4,6,1.50,2
17291110637,3,5,1.67,3
17291110638,4,4,1.00,1
17291110639,2,2,1.00,1
17291110734,1,1,1.00,1
17291110735,1,1,1.00,1
17291110736,1,1,1.00,1
17291110737,1,1,1.00,1
17291110738,1,1,1.00,1
17291110739,1,1,1.00,1
17291113235,1,1,1.00,1
17291118337,1,1,1.00,1
17291204535,1,1,1.00,1
17291204536,1,1,1.00,1
17291207734,1,1,1.00,1
17291207735,1,1,1.00,1
17291207736,1,1,1.00,1
17291207737,1,2,2.00,2
17291207738,1,1,1.00,1
17291210035,3,3,1.00,1
17291210036,1,1,1.00,1
17291210037,2,2,1.00,1
17291210038,2,2,1.00,1
17291210135,1,1,1.00,1
17291212034,1,1,1.00,1
17291212036,1,2,2.00,2
17291212037,1,1,1.00,1
17291212038,1,1,1.00,1
17291212039,1,1,1.00,1
17291212135,1,1,1.00,1
17291212136,1,1,1.00,1
17291212137,1,1,1.00,1
17291212138,1,1,1.00,1
17293102935,1,1,1.00,1
17293102936,4,9,2.25,4
17293102937,10,20,2.00,3
17293102938,10,35,3.50,7
17293102939,9,13,1.44,3
17293102940,2,5,2.50,4
17293103835,1,1,1.00,1
17293103836,1,1,1.00,1
17293103838,1,1,1.00,1
17293103937,2,2,1.00,1
17293103938,3,4,1.33,2
17293105935,1,1,1.00,1
17293105936,2,2,1.00,1
17293105937,3,3,1.00,1
17293105938,2,3,1.50,2
17293105939,2,4,2.00,2
17293105940,3,3,1.00,1
17293114435,1,1,1.00,1
17293114436,5,6,1.20,2
17293114437,4,4,1.00,1
17293119535,5,8,1.60,2
17293119536,4,4,1.00,1
17293119537,5,5,1.00,1
17293119538,2,2,1.00,1
17293119539,1,1,1.00,1
17293120035,1,1,1.00,1
17293120036,1,1,1.00,1
17293120037,3,6,2.00,4
17293120038,4,9,2.25,3
17293120040,1,1,1.00,1
17293302438,1,1,1.00,1
17321142740,1,1,1.00,1
18103102640,1,1,1.00,1
18103102641,1,1,1.00,1
18103102642,1,1,1.00,1
18103102643,1,1,1.00,1
18103102742,1,1,1.00,1
18103102743,1,1,1.00,1
18103102744,1,1,1.00,1
18121100038,9,12,1.33,2
18121100039,8,10,1.25,2
18121100040,3,5,1.67,3
18121100041,5,9,1.80,2
18121100042,2,4,2.00,3
18121100043,3,3,1.00,1
18121100138,4,4,1.00,1
18121100139,9,9,1.00,1
18121100140,6,7,1.17,2
18121100141,11,13,1.18,2
18121100142,8,10,1.25,2
18121100143,2,2,1.00,1
18121100438,1,1,1.00,1
18121100440,1,1,1.00,1
18121100441,1,1,1.00,1
18121100442,1,1,1.00,1
18121101840,1,2,2.00,2
18121103240,1,1,1.00,1
18121103241,1,1,1.00,1
18121114938,6,6,1.00,1
18121114939,9,12,1.33,2
18121114940,8,13,1.63,3
18121114941,7,12,1.71,3
18121114942,8,11,1.38,2
18121114943,5,5,1.00,1
18121115038,2,2,1.00,1
18121115039,2,2,1.00,1
18121115040,2,2,1.00,1
18121115041,1,1,1.00,1
18121115042,4,5,1.25,2
18121115741,1,2,2.00,2
18121115743,1,1,1.00,1
18121116138,38,45,1.18,2
18121116139,42,60,1.43,3
18121116140,47,74,1.57,3
18121116141,48,74,1.54,4
18121116142,43,56,1.30,2
18121116143,33,34,1.03,2
18121117642,1,2,2.00,2
18121117743,1,1,1.00,1
18121118438,16,21,1.31,2
18121118439,15,30,2.00,3
18121118440,16,25,1.56,2
18121118441,20,32,1.60,3
18121118442,9,9,1.00,1
18121118443,8,8,1.00,1
18121118444,8,8,1.00,1
18121118538,26,35,1.35,2
18121118539,27,53,1.96,3
18121118540,31,61,1.97,4
18121118541,29,60,2.07,4
18121118542,26,33,1.27,2
18121118543,18,18,1.00,1
18121122438,1,1,1.00,1
18121122440,1,1,1.00,1
18121122441,1,1,1.00,1
18121266240,4,7,1.75,2
18121266241,3,3,1.00,1
18127100038,10,10,1.00,1
18127100039,20,23,1.15,3
18127100040,14,19,1.36,2
18127100041,13,15,1.15,2
18127100042,8,9,1.13,2
18127100043,1,1,1.00,1
18127100139,3,3,1.00,1
18127100140,1,1,1.00,1
18127100141,1,1,1.00,1
18127100143,1,1,1.00,1
18127101138,1,1,1.00,1
18127101139,1,1,1.00,1
18127101140,1,1,1.00,1
18127101141,1,2,2.00,2
18127101142,1,2,2.00,2
18127101143,2,2,1.00,1
18127101239,1,2,2.00,2
18127101538,2,2,1.00,1
18127101539,2,2,1.00,1
18127101540,2,3,1.50,2
18127101541,4,4,1.00,1
18127101542,1,1,1.00,1
18127104938,15,15,1.00,1
18127104939,20,29,1.45,2
18127104940,24,28,1.17,2
18127104941,15,28,1.87,3
18127104942,16,18,1.13,2
18127104943,3,3,1.00,1
18127104944,1,1,1.00,1
18127105338,15,16,1.07,2
18127105339,13,19,1.46,2
18127105340,12,36,3.00,4
18127105341,11,36,3.27,4
18127105342,14,18,1.29,2
18127105343,10,11,1.10,2
18127111138,14,14,1.00,1
18127111139,14,14,1.00,1
18127111140,18,28,1.56,2
18127111141,16,28,1.75,2
18127111142,14,14,1.00,1
18127111143,14,14,1.00,1
18127133338,1,1,1.00,1
18127133339,1,2,2.00,2
18127133340,1,3,3.00,3
18127133341,1,4,4.00,4
18127133342,1,3,3.00,3
18127133343,1,2,2.00,2
18127133344,1,1,1.00,1
18133103439,2,2,1.00,1
18133103440,3,3,1.00,1
18133103441,1,1,1.00,1
18133103442,2,2,1.00,1
18133103443,3,3,1.00,1
18133103643,1,1,1.00,1
18135222538,1,1,1.00,1
18135222539,1,1,1.00,1
18135222540,1,1,1.00,1
18135222541,1,1,1.00,1
18135222543,1,1,1.00,1
18143100438,6,7,1.17,2
18143100439,4,7,1.75,2
18143100440,4,5,1.25,2
18143100441,4,5,1.25,2
18143100442,4,4,1.00,1
18143100443,1,2,2.00,2
18143100638,2,3,1.50,2
18143100639,3,3,1.00,1
18143100640,2,3,1.50,2
18143100641,2,3,1.50,2
18143100642,1,1,1.00,1
18143104238,2,2,1.00,1
18143104239,3,3,1.00,1
18143104240,3,4,1.33,2
18143104241,3,3,1.00,1
18143104242,3,4,1.33,2
18143104243,2,2,1.00,1
18143104642,1,1,1.00,1
18143104738,3,3,1.00,1
18143104739,3,3,1.00,1
18143104740,3,3,1.00,1
18143104741,3,3,1.00,1
18143104742,2,2,1.00,1
18143104743,2,3,1.50,2
18143111538,1,1,1.00,1
18143111539,1,1,1.00,1
18143111540,1,1,1.00,1
18143111541,1,1,1.00,1
18143111542,1,1,1.00,1
18143111641,1,1,1.00,1
18143111642,1,1,1.00,1
18143114738,4,4,1.00,1
18143114739,3,4,1.33,2
18143114740,5,6,1.20,2
18143114741,2,3,1.50,2
18143114742,8,8,1.00,1
18143114838,6,6,1.00,1
18143114839,7,9,1.29,2
18143114840,10,13,1.30,3
18143114841,10,14,1.40,2
18143114842,1,1,1.00,1
18143114843,4,4,1.00,1
18143116037,10,10,1.00,1
18143116038,13,17,1.31,3
18143116039,32,40,1.25,2
18143116040,30,43,1.43,3
18143116041,28,42,1.50,3
18143116042,30,35,1.17,2
18143116043,17,17,1.00,1
18143116044,9,9,1.00,1
18143116538,10,10,1.00,1
18143116539,2,2,1.00,1
18143116540,1,2,2.00,2
18143116541,5,6,1.20,2
18143116542,11,12,1.09,2
18143116543,12,12,1.00,1
18143116638,1,1,1.00,1
18143116639,1,1,1.00,1
18143116640,1,1,1.00,1
18143116641,1,1,1.00,1
18143116642,1,1,1.00,1
18143116643,1,1,1.00,1
18143118839,2,2,1.00,1
18143118840,2,2,1.00,1
18143118841,3,3,1.00,1
18143118842,3,3,1.00,1
18143118939,1,1,1.00,1
18143118940,2,2,1.00,1
18143118941,1,1,1.00,1
18143118942,1,1,1.00,1
18143118943,1,1,1.00,1
18143119038,1,1,1.00,1
18143119039,1,1,1.00,1
18143119040,1,1,1.00,1
18143119041,1,2,2.00,2
18143119042,2,2,1.00,1
18143119043,1,1,1.00,1
18143204539,3,4,1.33,2
18143204540,1,1,1.00,1
18143204541,1,1,1.00,1
18143206838,2,2,1.00,1
18143206839,1,1,1.00,1
18143206840,1,1,1.00,1
18143206841,1,1,1.00,1
18143206842,1,1,1.00,1
18143216539,1,1,1.00,1
18143216541,2,2,1.00,1
18143216543,1,1,1.00,1
18143216638,1,1,1.00,1
18143216640,2,2,1.00,1
18143216641,1,1,1.00,1
18143216643,2,2,1.00,1
18143216838,1,1,1.00,1
18143216841,1,1,1.00,1
18143216842,1,1,1.00,1
18143216843,1,1,1.00,1
18143500040,1,1,1.00,1
18143500041,1,1,1.00,1
18143500042,1,1,1.00,1
18145100038,2,2,1.00,1
18145100039,5,7,1.40,2
18145100040,1,1,1.00,1
18145100041,3,3,1.00,1
18145100043,1,1,1.00,1
18145100340,2,2,1.00,1
18145111339,2,2,1.00,1
18145111340,1,2,2.00,2
18145111341,1,2,2.00,2
18145111342,1,1,1.00,1
18145111742,2,3,1.50,2
18145111743,1,1,1.00,1
18145111841,3,4,1.33,2
18145111842,1,1,1.00,1
18145111843,1,1,1.00,1
18145114638,25,25,1.00,1
18145114639,26,29,1.12,2
18145114640,26,50,1.92,2
18145114641,29,50,1.72,2
18145114642,25,25,1.00,1
18145114643,15,15,1.00,1
18145201538,1,1,1.00,1
18145201539,10,10,1.00,1
18145201540,5,5,1.00,1
18145201541,2,2,1.00,1
18145215540,2,2,1.00,1
18145215541,2,2,1.00,1
18145216940,1,1,1.00,1
18145216941,2,2,1.00,1
18145217039,2,2,1.00,1
18145217040,4,4,1.00,1
18145217041,3,3,1.00,1
18153501438,1,1,1.00,1
18153501444,1,1,1.00,1
18153501839,1,1,1.00,1
18153501842,1,1,1.00,1
18163100542,1,1,1.00,1
18193100138,1,1,1.00,1
18193100140,2,2,1.00,1
18193100141,1,2,2.00,2
18193100142,1,1,1.00,1
18193100143,1,1,1.00,1
18195201438,2,2,1.00,1
18195201440,1,2,2.00,2
18195201441,2,2,1.00,1
18195201442,2,2,1.00,1
18195201443,2,2,1.00,1
18201100235,2,2,1.00,1
18201100236,3,4,1.33,2
18201100239,2,2,1.00,1
18203101535,3,3,1.00,1
18203101536,4,5,1.25,2
18203101537,3,3,1.00,1
18203101538,5,5,1.00,1
18203101539,4,4,1.00,1
18203109335,1,1,1.00,1
18203109336,1,1,1.00,1
18203109337,2,2,1.00,1
18203109338,2,2,1.00,1
18203109339,1,1,1.00,1
18221100036,1,1,1.00,1
18221114534,2,2,1.00,1
18221114535,6,6,1.00,1
18221114536,6,9,1.50,2
18221114537,5,8,1.60,2
18221114538,5,5,1.00,1
18221114539,2,2,1.00,1
18221121635,7,10,1.43,4
18221121636,6,9,1.50,3
18221121637,6,14,2.33,5
18221121638,6,10,1.67,4
18221121639,2,2,1.00,1
18221122137,1,1,1.00,1
18221122138,1,1,1.00,1
18221122735,1,1,1.00,1
18221122736,9,11,1.22,2
18221122737,7,9,1.29,2
18221122738,12,18,1.50,2
18221122739,1,1,1.00,1
18221123135,4,4,1.00,1
18221126335,1,1,1.00,1
18221126336,1,1,1.00,1
18221126337,1,1,1.00,1
18221126338,1,1,1.00,1
18221126435,1,1,1.00,1
18221126436,2,2,1.00,1
18221126437,1,1,1.00,1
18221126438,1,1,1.00,1
18221126937,1,1,1.00,1
18221130435,1,1,1.00,1
18221130436,5,5,1.00,1
18221130437,3,3,1.00,1
18221130439,2,2,1.00,1
18221131135,1,1,1.00,1
18221131136,1,1,1.00,1
18221132235,5,5,1.00,1
18221132236,4,5,1.25,2
18221132237,3,4,1.33,2
18221132238,5,5,1.00,1
18221132239,2,2,1.00,1
18221204535,8,10,1.25,2
18221204536,9,15,1.67,3
18221204537,19,27,1.42,3
18221204538,15,19,1.27,3
18221204539,9,11,1.22,2
18233105135,2,2,1.00,1
18233105136,4,7,1.75,3
18233105137,4,10,2.50,4
18233105138,3,8,2.67,3
18233105139,5,7,1.40,2
18233105935,8,9,1.13,2
18233105936,10,14,1.40,2
18233105937,12,15,1.25,2
18233105938,16,24,1.50,2
18233105939,17,24,1.41,3
18233105940,13,17,1.31,3
18233204736,1,2,2.00,2
18233204737,1,2,2.00,2
18243102335,3,3,1.00,1
18243102336,2,4,2.00,2
18243102337,2,2,1.00,1
18243111735,5,5,1.00,1
18243111736,2,2,1.00,1
18243111737,3,3,1.00,1
18243111738,3,3,1.00,1
18243111739,5,6,1.20,2
18243111740,10,11,1.10,2
18243114936,1,2,2.00,2
18243114937,2,3,1.50,2
18243114938,2,4,2.00,2
18243114939,1,1,1.00,1
18243115037,1,2,2.00,2
18243115038,1,2,2.00,2
18245101536,1,1,1.00,1
18245101537,3,3,1.00,1
18245101538,2,2,1.00,1
18245108836,1,1,1.00,1
18245108837,3,3,1.00,1
18245108838,1,1,1.00,1
18291105335,4,4,1.00,1
18291105336,18,21,1.17,2
18291105337,11,14,1.27,2
18291105338,13,17,1.31,3
18291105339,7,7,1.00,1
18291105340,2,2,1.00,1
18291109935,12,12,1.00,1
18291109936,12,24,2.00,2
18291109937,12,24,2.00,2
18291109938,12,24,2.00,2
18291109939,12,12,1.00,1
18291120135,17,17,1.00,1
18291120136,27,31,1.15,2
18291120137,25,30,1.20,2
18291120138,20,30,1.50,2
18291120139,17,17,1.00,1
18291120335,1,1,1.00,1
18291120336,2,2,1.00,1
18291120337,1,2,2.00,2
18291121536,1,1,1.00,1
18291121537,1,1,1.00,1
18291121538,2,2,1.00,1
18291121635,1,1,1.00,1
18291121636,1,1,1.00,1
18291121637,1,1,1.00,1
18291121638,2,2,1.00,1
18291121639,4,4,1.00,1
18291122635,1,1,1.00,1
18291122636,1,1,1.00,1
18291122637,1,1,1.00,1
18291122638,1,1,1.00,1
18291122639,1,1,1.00,1
18291123235,20,20,1.00,1
18291123236,23,40,1.74,2
18291123237,24,40,1.67,2
18291123238,36,40,1.11,2
18291123239,20,20,1.00,1
18291127334,1,1,1.00,1
18291127336,2,3,1.50,2
18291127337,3,3,1.00,1
18291127338,3,4,1.33,2
18291127535,8,8,1.00,1
18291127536,4,5,1.25,2
18291127537,4,6,1.50,2
18291127538,3,6,2.00,2
18291127539,5,5,1.00,1
18291127935,2,2,1.00,1
18291127936,1,1,1.00,1
18291127937,1,1,1.00,1
18291127938,2,2,1.00,1
18291135034,6,6,1.00,1
18291135035,6,6,1.00,1
18291135036,6,12,2.00,2
18291135037,6,12,2.00,2
18291135038,6,6,1.00,1
18291135039,6,6,1.00,1
18291137436,1,1,1.00,1
18291137437,1,1,1.00,1
18291137438,1,1,1.00,1
18291137439,1,1,1.00,1
18291143835,1,1,1.00,1
18291143836,1,2,2.00,2
18291143837,1,2,2.00,2
18291144334,1,1,1.00,1
18291144335,4,4,1.00,1
18291144336,6,7,1.17,2
18291144337,4,4,1.00,1
18291144338,4,4,1.00,1
18291144339,4,4,1.00,1
18291145137,1,1,1.00,1
18291145138,2,2,1.00,1
18291145235,1,1,1.00,1
18291145236,1,1,1.00,1
18291145237,1,1,1.00,1
18291145238,1,1,1.00,1
18291145334,7,7,1.00,1
18291145335,8,8,1.00,1
18291145336,14,17,1.21,2
18291145337,12,13,1.08,2
18291145338,9,9,1.00,1
18291145339,5,5,1.00,1
18291145535,1,1,1.00,1
18291145536,3,3,1.00,1
18291145537,6,6,1.00,1
18291145538,2,2,1.00,1
18291146334,1,1,1.00,1
18291146534,7,7,1.00,1
18291146535,10,10,1.00,1
18291146536,12,16,1.33,2
18291146537,11,18,1.64,2
18291146538,11,12,1.09,2
18291146539,7,7,1.00,1
18291147035,5,5,1.00,1
18291147036,2,2,1.00,1
18291147037,3,4,1.33,2
18291147038,1,1,1.00,1
18291147137,1,1,1.00,1
18291147138,1,1,1.00,1
18291147834,14,16,1.14,2
18291147835,14,21,1.50,3
18291147836,17,25,1.47,3
18291147837,18,25,1.39,2
18291147838,16,20,1.25,2
18291147839,11,11,1.00,1
18291149435,2,2,1.00,1
18291149436,12,13,1.08,2
18291149437,10,11,1.10,2
18291149438,7,10,1.43,2
18291149439,2,2,1.00,1
18291150034,5,5,1.00,1
18291150035,16,16,1.00,1
18291150036,11,12,1.09,2
18291150037,16,20,1.25,2
18291150038,13,15,1.15,2
18291150039,13,13,1.00,1
18291150138,1,1,1.00,1
18291160036,1,1,1.00,1
18291160038,1,1,1.00,1
18291160039,1,1,1.00,1
18293100735,3,3,1.00,1
18293100736,2,2,1.00,1
18293100737,2,2,1.00,1
18293100738,3,3,1.00,1
18293100739,2,2,1.00,1
18293100740,1,1,1.00,1
18293101935,6,6,1.00,1
18293101936,8,10,1.25,2
18293101937,7,12,1.71,2
18293101938,7,12,1.71,2
18293101939,6,6,1.00,1
18293101940,2,2,1.00,1
18293102134,5,5,1.00,1
18293102135,9,9,1.00,1
18293102136,14,18,1.29,2
18293102137,11,18,1.64,2
18293102138,8,8,1.00,1
18293102139,9,9,1.00,1
18293102140,3,3,1.00,1
18293103036,1,1,1.00,1
18293103037,1,1,1.00,1
18293103038,1,1,1.00,1
18293106735,2,2,1.00,1
18293106736,3,3,1.00,1
18293106737,3,3,1.00,1
18293106738,2,3,1.50,2
18293106739,2,2,1.00,1
18293107636,2,2,1.00,1
18293107637,2,3,1.50,2
18293107638,1,1,1.00,1
18293107639,2,2,1.00,1
18293109436,4,4,1.00,1
18293109437,4,4,1.00,1
18293109438,3,3,1.00,1
18293109536,1,1,1.00,1
18293109538,1,1,1.00,1
18293111036,1,1,1.00,1
18293111037,2,3,1.50,2
18293111038,1,1,1.00,1
18293300035,1,1,1.00,1
18293300036,2,3,1.50,2
18293300037,1,1,1.00,1
18293300038,1,1,1.00,1
18293300039,1,1,1.00,1
18293301737,1,1,1.00,1
18293304334,1,1,1.00,1
18293304335,5,5,1.00,1
18293304336,3,3,1.00,1
18293304337,5,5,1.00,1
18293304338,2,2,1.00,1
18293304339,2,2,1.00,1
18293311038,1,1,1.00,1
18293312136,2,2,1.00,1
18293312236,1,1,1.00,1
18293312238,1,2,2.00,2
18293312335,1,1,1.00,1
18293312336,1,1,1.00,1
18293312337,2,2,1.00,1
18293312338,1,1,1.00,1
20025140140,1,1,1.00,1
20025140141,2,13,6.50,7
20025140143,1,1,1.00,1
20025140238,1,1,1.00,1
20025140239,1,1,1.00,1
20025140241,2,3,1.50,2
20025140242,2,5,2.50,3
20025140243,2,2,1.00,1
20025140338,2,2,1.00,1
20025140339,3,4,1.33,2
20025140340,1,1,1.00,1
20025140341,4,8,2.00,4
20025140342,4,6,1.50,2
20025140343,2,2,1.00,1
20025140438,3,6,2.00,3
20025140439,1,1,1.00,1
20025140440,4,10,2.50,5
20025140441,3,3,1.00,1
20025140442,3,3,1.00,1
20025141338,2,4,2.00,2
20025141339,3,5,1.67,2
20025141340,3,3,1.00,1
20025141341,3,7,2.33,3
20025141342,2,3,1.50,2
20025141343,2,2,1.00,1
20025142139,1,3,3.00,3
20025142140,1,1,1.00,1
20025142141,1,4,4.00,4
20025242435,1,4,4.00,4
20025242436,1,2,2.00,2
20025242437,1,1,1.00,1
20026130038,2,2,1.00,1
20026130039,5,5,1.00,1
20026130040,3,4,1.33,2
20026130041,4,6,1.50,2
20026130042,3,4,1.33,2
20026130138,2,3,1.50,2
20026130139,2,3,1.50,2
20026130140,1,1,1.00,1
20026130141,3,5,1.67,3
20026130142,1,1,1.00,1
20026130143,3,5,1.67,3
20026130437,1,1,1.00,1
20026130438,2,3,1.50,2
20026130439,1,1,1.00,1
20026130441,1,1,1.00,1
20026130538,4,6,1.50,2
20026130539,5,8,1.60,2
20026130540,1,1,1.00,1
20026130541,4,7,1.75,3
20026130637,1,1,1.00,1
20026130638,10,12,1.20,2
20026130639,7,8,1.14,2
20026130640,5,6,1.20,2
20026130641,4,4,1.00,1
20026130642,1,1,1.00,1
20026130738,1,1,1.00,1
20026130739,15,24,1.60,3
20026130740,10,10,1.00,1
20026130741,13,16,1.23,2
20026130742,5,5,1.00,1
20026130743,16,19,1.19,2
20026130744,1,1,1.00,1
20026240136,1,1,1.00,1
20026240238,2,2,1.00,1
20026240335,2,2,1.00,1
20026240336,1,1,1.00,1
20026240337,1,2,2.00,2
20026240338,3,4,1.33,2
20026240339,3,3,1.00,1
20026240435,1,1,1.00,1
20026241835,1,2,2.00,2
20027233535,1,1,1.00,1
20027233537,2,3,1.50,2
20027233538,4,6,1.50,2
20027233539,2,3,1.50,2
20027233735,1,2,2.00,2
20027233736,3,3,1.00,1
20027233737,1,1,1.00,1
20027233738,1,1,1.00,1
20027233739,1,1,1.00,1
20027242135,2,2,1.00,1
20027242136,2,2,1.00,1
20027242138,3,3,1.00,1
20055241635,4,11,2.75,5
20055241636,4,7,1.75,3
20055241637,3,3,1.00,1
20055241638,1,1,1.00,1
20055241735,3,9,3.00,4
20055241736,3,5,1.67,3
25131227141,1,1,1.00,1
25131227142,1,3,3.00,3
25131227143,1,1,1.00,1
25141800640,1,2,2.00,2
25141800641,1,6,6.00,6
25141802038,1,1,1.00,1
25141802039,2,3,1.50,2
25141802040,2,3,1.50,2
25141802041,2,3,1.50,2
25141802042,1,4,4.00,4
25141802043,2,2,1.00,1
25141803038,5,6,1.20,2
25141803039,5,8,1.60,2
25141803040,5,6,1.20,2
25141803041,4,6,1.50,2
25141803042,3,3,1.00,1
25141803043,3,3,1.00,1
25141803137,2,2,1.00,1
25141803138,6,8,1.33,2
25141803139,6,8,1.33,2
25141803140,7,8,1.14,2
25141803141,6,12,2.00,3
25141803142,4,4,1.00,1
25141803143,2,2,1.00,1
25141803540,1,1,1.00,1
25141803542,1,4,4.00,4
25141803543,1,1,1.00,1
25141803739,1,1,1.00,1
25141803741,3,4,1.33,2
25141803742,3,6,2.00,3
25141803743,4,11,2.75,5
25141803841,4,9,2.25,3
25141803842,3,6,2.00,2
25141803843,3,9,3.00,3
25141804037,1,1,1.00,1
25141804038,1,1,1.00,1
25141804039,1,2,2.00,2
25141804040,1,1,1.00,1
25141804041,3,11,3.67,4
25141804042,2,3,1.50,2
25141804043,1,2,2.00,2
25141904837,1,1,1.00,1
25141904838,1,2,2.00,2
25141904842,1,1,1.00,1
25141904843,2,3,1.50,2
25141905137,1,1,1.00,1
25141905138,1,2,2.00,2
25141905139,1,3,3.00,3
25141905140,1,1,1.00,1
25141905141,1,1,1.00,1
25141905438,1,1,1.00,1
25141905443,2,6,3.00,3
25141905537,1,1,1.00,1
25141905541,1,5,5.00,5
25141905543,1,2,2.00,2
25141906440,2,4,2.00,2
25141906443,1,1,1.00,1
25141907937,2,3,1.50,2
25141907938,3,3,1.00,1
25141907939,2,5,2.50,3
25141907943,2,4,2.00,3
25141908638,1,1,1.00,1
25141908640,5,9,1.80,3
25141908641,4,9,2.25,3
25141908642,4,4,1.00,1
25141908643,3,3,1.00,1
25141908741,1,3,3.00,3
25141908742,1,3,3.00,3
25141908743,1,1,1.00,1
25141908744,1,1,1.00,1
25141908840,1,1,1.00,1
25141908841,2,8,4.00,6
25141908842,1,2,2.00,2
25141908843,1,2,2.00,2
25241800334,1,2,2.00,2
25241800335,2,10,5.00,5
25241800336,1,1,1.00,1
25241800434,1,1,1.00,1
25241800435,5,11,2.20,3
25241800436,3,5,1.67,2
25241800437,1,1,1.00,1
25241800438,4,4,1.00,1
25241800439,4,8,2.00,3
25241800440,2,2,1.00,1
25241800834,2,2,1.00,1
25241800835,11,19,1.73,3
25241800836,9,16,1.78,3
25241800837,6,6,1.00,1
25241800838,7,7,1.00,1
25241800839,6,6,1.00,1
25241806235,2,3,1.50,2
25241806236,2,3,1.50,2
25241806237,1,2,2.00,2
25241806335,9,14,1.56,3
25241806336,7,15,2.14,3
25241806337,9,12,1.33,2
25241806338,8,9,1.13,2
25241806339,5,6,1.20,2
25241807035,17,24,1.41,2
25241807036,15,19,1.27,2
25241807037,15,24,1.60,3
25241807038,8,8,1.00,1
25241807039,1,1,1.00,1
25241807135,8,16,2.00,3
25241807136,6,6,1.00,1
25241808235,2,6,3.00,5
25241808236,2,3,1.50,2
25241808237,2,6,3.00,5
25241808735,2,5,2.50,3
25241808736,1,1,1.00,1
25241808738,2,5,2.50,3
25241808739,1,2,2.00,2
25241810335,2,4,2.00,2
25241903834,6,6,1.00,1
25241903835,19,34,1.79,3
25241904235,4,11,2.75,3
25241904237,4,5,1.25,2
25241904734,1,1,1.00,1
25241904735,6,6,1.00,1
25241904736,6,10,1.67,3
25241904737,2,2,1.00,1
25241904738,2,2,1.00,1
25241904834,2,2,1.00,1
25241904835,2,2,1.00,1
25241904838,10,20,2.00,3
25241904839,6,6,1.00,1
25241904934,7,10,1.43,2
25241904935,12,15,1.25,2
25241904936,10,15,1.50,2
25241904937,6,6,1.00,1
25241904938,8,12,1.50,2
25241904939,3,3,1.00,1
25241913535,2,4,2.00,3
25241913539,1,1,1.00,1
25241914735,1,1,1.00,1
25241914736,1,1,1.00,1
25241914737,2,5,2.50,3
25241914738,2,4,2.00,2
25241914739,1,3,3.00,3
25241914838,1,4,4.00,4
25241914839,1,4,4.00,4
25241914934,5,8,1.60,2
25241914935,6,10,1.67,3
25241914936,2,2,1.00,1
25241915734,3,5,1.67,2
25241915735,7,9,1.29,2
25241916634,1,5,5.00,5
25241916635,1,2,2.00,2
25241916637,1,1,1.00,1
26131204139,2,2,1.00,1
26131204141,2,5,2.50,4
26131205937,1,2,2.00,2
26131205938,2,5,2.50,4
26131205939,2,5,2.50,3
26131205940,2,5,2.50,3
26131205941,1,6,6.00,6
26131205943,1,1,1.00,1
26141800638,2,4,2.00,2
26141800639,2,3,1.50,2
26141800640,3,5,1.67,2
26141800641,3,4,1.33,2
26141800642,4,6,1.50,2
26141800643,2,2,1.00,1
26141800939,9,9,1.00,1
26141800940,17,31,1.82,3
26141800941,25,59,2.36,5
26141800942,13,13,1.00,1
26141800943,12,12,1.00,1
26141802038,2,2,1.00,1
26141802039,1,1,1.00,1
26141802040,2,5,2.50,3
26141802041,1,2,2.00,2
26141802042,1,1,1.00,1
26141802043,2,2,1.00,1
26141802138,1,1,1.00,1
26141802139,1,1,1.00,1
26141802140,1,2,2.00,2
26141802141,1,2,2.00,2
26141802239,1,1,1.00,1
26141802240,1,3,3.00,3
26141802242,1,2,2.00,2
26141802338,1,1,1.00,1
26141802340,1,3,3.00,3
26141802341,1,1,1.00,1
26141900038,3,4,1.33,2
26141900039,2,2,1.00,1
26141900040,4,6,1.50,2
26141900041,2,2,1.00,1
26141900138,1,2,2.00,2
26141900139,2,3,1.50,2
26141900140,1,1,1.00,1
26141900143,1,2,2.00,2
26141900338,4,6,1.50,2
26141900339,5,9,1.80,3
26141900340,2,2,1.00,1
26141900341,3,4,1.33,2
26141900438,1,3,3.00,3
26141900439,2,2,1.00,1
26141900440,2,2,1.00,1
26141900441,1,1,1.00,1
26141901939,1,1,1.00,1
26141901940,1,3,3.00,3
26141901941,1,2,2.00,2
26141901943,1,1,1.00,1
26141902037,1,1,1.00,1
26141902039,5,5,1.00,1
26241800237,1,2,2.00,2
26241800635,7,10,1.43,4
26241800638,2,2,1.00,1
26241802235,7,7,1.00,1
26241802236,7,7,1.00,1
26241802237,10,13,1.30,2
26241802238,17,28,1.65,3
26241802239,13,28,2.15,4
26241802336,1,2,2.00,2
26241802337,2,2,1.00,1
26241802338,3,6,2.00,3
26241802339,3,3,1.00,1
26241804635,6,6,1.00,1
26241804636,4,7,1.75,2
26241804637,7,12,1.71,3
26241804638,7,7,1.00,1
26241804639,3,3,1.00,1
26241805035,2,5,2.50,4
26241805036,1,1,1.00,1
26241805038,2,4,2.00,3
26241805039,1,1,1.00,1
26241805135,1,2,2.00,2
26241806935,10,11,1.10,2
26241806936,8,8,1.00,1
26241806937,12,22,1.83,3
26241806938,10,13,1.30,2
26241806939,12,13,1.08,2
26241900534,2,4,2.00,2
26241900535,3,4,1.33,2
26241900536,2,4,2.00,3
26241902435,3,7,2.33,3
26241902436,2,3,1.50,2
26241903835,6,7,1.17,2
26241903836,7,10,1.43,2
26241903837,2,2,1.00,1
26241903838,4,6,1.50,2
26241905534,4,6,1.50,2
26241905535,3,4,1.33,2
26241905536,3,5,1.67,2
26241905537,5,6,1.20,2
26241905538,4,6,1.50,3
26241905539,4,5,1.25,2
26241907636,3,3,1.00,1
26241907637,5,7,1.40,2
26241907638,3,4,1.33,2
26241907639,6,6,1.00,1
26241907835,16,21,1.31,3
26241907836,11,20,1.82,3
26241907837,11,14,1.27,2
26241907838,4,4,1.00,1
26241908734,1,1,1.00,1
26241908735,7,12,1.71,3
26241908737,5,5,1.00,1
26241908738,10,14,1.40,2
26241908739,8,12,1.50,2
26241908935,4,4,1.00,1
26241908936,6,9,1.50,3
27111220039,1,1,1.00,1
27111220041,1,1,1.00,1
27111220138,1,1,1.00,1
27111220139,1,1,1.00,1
27111220140,1,1,1.00,1
27111220141,1,1,1.00,1
27111220142,1,1,1.00,1
27111220238,1,1,1.00,1
27111220239,1,1,1.00,1
27111220240,1,1,1.00,1
27111223639,1,2,2.00,2
27111223641,1,1,1.00,1
27111233238,1,1,1.00,1
27111233239,1,1,1.00,1
27111233240,1,1,1.00,1
27131200239,1,1,1.00,1
27131200241,1,1,1.00,1
27131210239,1,1,1.00,1
27131210240,1,1,1.00,1
27131210241,1,1,1.00,1
27131210242,1,1,1.00,1
27131222040,2,2,1.00,1
27131222041,1,1,1.00,1
27131222042,1,1,1.00,1
27131222043,2,2,1.00,1
27141801638,1,1,1.00,1
27141801639,1,2,2.00,2
27141801640,1,2,2.00,2
27141801641,1,2,2.00,2
27141801643,1,1,1.00,1
27141900638,1,2,2.00,2
27141900641,1,1,1.00,1
27141900643,3,3,1.00,1
27141900740,3,5,1.67,3
27141900741,2,2,1.00,1
27141900838,2,2,1.00,1
27141900839,1,1,1.00,1
27141900840,5,6,1.20,2
27141900841,9,14,1.56,3
27141900842,2,2,1.00,1
27141900843,3,3,1.00,1
27141900938,3,3,1.00,1
27141900939,2,2,1.00,1
27141900940,6,6,1.00,1
27141900941,4,5,1.25,2
27141900942,3,3,1.00,1
27141900943,3,4,1.33,2
27231209437,1,1,1.00,1
27231212436,1,1,1.00,1
27231212437,2,2,1.00,1
27231212438,2,2,1.00,1
27231212536,1,1,1.00,1
27235202138,1,2,2.00,2
27241801935,2,2,1.00,1
27241801936,2,4,2.00,2
27241801937,3,4,1.33,2
27241801938,2,2,1.00,1
27241801939,2,2,1.00,1
27241802035,2,2,1.00,1
27241802036,3,3,1.00,1
27241802037,2,4,2.00,2
27241802038,2,3,1.50,2
27241802039,1,1,1.00,1
27241810735,1,1,1.00,1
27241810736,2,2,1.00,1
27241810737,1,1,1.00,1
27241810738,1,1,1.00,1
27241811036,2,3,1.50,2
27241811535,2,2,1.00,1
27241811537,4,5,1.25,2
27241811538,1,1,1.00,1
27241813836,2,2,1.00,1
27241813839,2,2,1.00,1
27241819335,10,10,1.00,1
27241819336,18,24,1.33,3
27241819337,32,53,1.66,3
27241819338,30,52,1.73,4
27241819339,18,22,1.22,2
27241819435,10,10,1.00,1
27241819436,15,20,1.33,2
27241819437,14,17,1.21,2
27241819438,19,28,1.47,3
27241819439,10,12,1.20,2
27241902835,2,4,2.00,3
27241902836,2,3,1.50,2
27241902837,1,1,1.00,1
27241902838,1,4,4.00,4
27241902839,1,1,1.00,1
27241904835,21,24,1.14,2
27241904836,30,46,1.53,3
27241904837,25,34,1.36,2
27241904838,23,30,1.30,2
27241904839,15,15,1.00,1
27241905035,3,3,1.00,1
27241905036,3,5,1.67,2
27241905037,4,6,1.50,2
27241905038,5,8,1.60,3
27241905039,2,2,1.00,1
27241905835,6,6,1.00,1
27241905836,14,21,1.50,3
27241905837,16,25,1.56,3
27241905838,8,11,1.38,2
27241905839,11,13,1.18,2
27241905840,1,1,1.00,1
28111217940,1,1,1.00,1
28111217941,1,1,1.00,1
28112203838,2,3,1.50,2
28112203840,3,5,1.67,2
28112203841,1,2,2.00,2
28112203842,4,4,1.00,1
28131203039,1,1,1.00,1
28131203040,1,1,1.00,1
28131203041,2,2,1.00,1
28131203042,1,1,1.00,1
28131205238,1,1,1.00,1
28131205239,7,7,1.00,1
28131205240,6,7,1.17,2
28131205241,5,7,1.40,2
28131205242,5,5,1.00,1
28131206239,5,5,1.00,1
28131206240,3,4,1.33,2
28131206241,3,3,1.00,1
28131206242,1,1,1.00,1
28131206243,1,1,1.00,1
28131206340,3,3,1.00,1
28131206341,2,2,1.00,1
28131206342,3,3,1.00,1
28131213238,9,9,1.00,1
28131213239,15,17,1.13,2
28131213240,17,28,1.65,2
28131213241,20,26,1.30,2
28131213242,18,18,1.00,1
28131213243,10,10,1.00,1
28132201541,1,1,1.00,1
28132201542,1,1,1.00,1
28132201640,2,2,1.00,1
28132201641,1,1,1.00,1
28132201642,2,2,1.00,1
28132201743,1,1,1.00,1
28132203038,3,3,1.00,1
28132203039,2,3,1.50,2
28132203040,3,3,1.00,1
28132203041,1,1,1.00,1
28132203042,3,3,1.00,1
28132203043,2,2,1.00,1
28132203138,1,2,2.00,2
28132203139,1,2,2.00,2
28132203142,1,2,2.00,2
28132203143,1,1,1.00,1
28132204038,1,1,1.00,1
28132204039,1,2,2.00,2
28132204040,1,1,1.00,1
28132204041,1,1,1.00,1
28132204138,1,1,1.00,1
28132204139,1,2,2.00,2
28132204140,1,2,2.00,2
28132204143,1,1,1.00,1
28132204539,1,1,1.00,1
28132204540,2,2,1.00,1
28132204541,2,2,1.00,1
28132204542,2,2,1.00,1
28132204638,2,2,1.00,1
28132204639,3,4,1.33,2
28132204640,6,7,1.17,2
28132204641,8,12,1.50,2
28132204642,7,9,1.29,2
28132204643,5,5,1.00,1
28132204738,2,2,1.00,1
28132204742,1,1,1.00,1
28132204838,1,1,1.00,1
28132204839,1,1,1.00,1
28132204840,2,3,1.50,2
28132204841,2,2,1.00,1
28133204539,1,2,2.00,2
28133204541,2,2,1.00,1
28133209239,12,20,1.67,2
28133209240,8,14,1.75,2
28133209241,11,15,1.36,3
28133209242,6,8,1.33,2
28133209243,10,13,1.30,2
28133209338,13,13,1.00,1
28133209339,18,25,1.39,2
28133209340,19,35,1.84,4
28133209341,16,23,1.44,4
28133209342,19,29,1.53,3
28133209343,12,14,1.17,2
28133209344,1,1,1.00,1
28133209540,2,2,1.00,1
28133209542,2,2,1.00,1
28135205738,1,1,1.00,1
28135205739,1,1,1.00,1
28135205740,1,1,1.00,1
28135206039,1,1,1.00,1
28135206041,1,2,2.00,2
28135206042,1,1,1.00,1
28135206043,2,2,1.00,1
28135212138,4,4,1.00,1
28135212139,8,8,1.00,1
28135212140,12,16,1.33,2
28135212141,11,16,1.45,2
28135212142,10,12,1.20,2
28135212143,8,8,1.00,1
28135212738,2,2,1.00,1
28135212739,3,3,1.00,1
28135212740,4,5,1.25,2
28135212741,4,4,1.00,1
28135212742,2,2,1.00,1
28135212743,1,1,1.00,1
28136201139,1,1,1.00,1
28136201140,1,1,1.00,1
28136201141,1,1,1.00,1
28136201142,1,1,1.00,1
28136202538,1,1,1.00,1
28136202539,2,3,1.50,2
28136202540,1,2,2.00,2
28136202541,3,4,1.33,2
28136202542,2,3,1.50,2
28136202543,2,2,1.00,1
28136209440,1,1,1.00,1
28136209441,1,1,1.00,1
28136209442,2,2,1.00,1
28136209443,3,3,1.00,1
28136209540,1,1,1.00,1
28136209541,1,1,1.00,1
28136209542,1,1,1.00,1
28136209543,4,4,1.00,1
28137200341,1,1,1.00,1
28137200342,1,2,2.00,2
28141200838,1,1,1.00,1
28141200839,1,2,2.00,2
28141200840,1,2,2.00,2
28141200841,1,2,2.00,2
28141200842,1,1,1.00,1
28142200638,9,9,1.00,1
28142200639,9,9,1.00,1
28142200640,9,17,1.89,2
28142200641,9,17,1.89,2
28142200642,9,9,1.00,1
28142200643,9,9,1.00,1
28145201238,7,7,1.00,1
28145201239,7,7,1.00,1
28145201240,14,15,1.07,2
28145201241,11,15,1.36,2
28145201242,7,7,1.00,1
28145201243,7,7,1.00,1
28146201238,13,13,1.00,1
28146201239,14,14,1.00,1
28146201240,23,26,1.13,2
28146201241,19,26,1.37,2
28146201242,15,16,1.07,2
28146201243,14,14,1.00,1
28146201338,13,13,1.00,1
28146201339,13,13,1.00,1
28146201340,23,26,1.13,2
28146201341,20,26,1.30,2
28146201342,15,15,1.00,1
28146201343,14,14,1.00,1
28211213437,1,1,1.00,1
28233237935,10,13,1.30,2
28233237936,11,18,1.64,3
28233237937,17,26,1.53,3
28233237938,11,23,2.09,4
28233237939,13,22,1.69,3
28233242935,1,1,1.00,1
28233242936,1,1,1.00,1
28233242937,1,1,1.00,1
28233242939,1,1,1.00,1
28235225437,3,4,1.33,2
28235225438,3,3,1.00,1
28235229135,9,10,1.11,2
28235229136,18,23,1.28,2
28235229137,22,27,1.23,2
28235229138,18,25,1.39,2
28235229139,13,14,1.08,2
28235229735,4,4,1.00,1
28235229935,13,16,1.23,3
28235229936,24,32,1.33,3
28235229937,19,27,1.42,2
28235229938,21,25,1.19,2
28235229939,19,25,1.32,2
28235235836,1,1,1.00,1
28242300935,9,10,1.11,2
28242300936,11,13,1.18,2
28242300937,14,16,1.14,2
28242300938,7,12,1.71,2
28242300939,10,10,1.00,1
28242301136,1,1,1.00,1
28242913835,1,1,1.00,1
28242913836,1,1,1.00,1
28242913837,1,1,1.00,1
28242913838,1,1,1.00,1
28242914335,6,6,1.00,1
28242914336,13,17,1.31,2
28242914337,13,16,1.23,2
28242914338,12,16,1.33,2
28242914339,9,9,1.00,1
28242914637,1,2,2.00,2
28242914638,1,1,1.00,1
28242915535,16,17,1.06,2
28242915536,8,12,1.50,3
28242915537,14,19,1.36,2
28242915538,9,12,1.33,2
28242915539,15,16,1.07,2
28242915936,2,2,1.00,1
28242915937,2,2,1.00,1
28242915938,1,2,2.00,2
28242915939,2,2,1.00,1
28242918235,1,1,1.00,1
28242918236,3,4,1.33,2
28242918239,1,1,1.00,1
28242918339,1,1,1.00,1
28242918735,1,1,1.00,1
28242918736,6,6,1.00,1
28242918737,3,5,1.67,2
28242918738,4,4,1.00,1
28242918739,2,2,1.00,1
28242919235,23,24,1.04,2
28242919236,39,51,1.31,2
28242919237,39,45,1.15,2
28242919238,37,44,1.19,3
28242919239,28,30,1.07,2
28242919335,4,4,1.00,1
28242919336,5,5,1.00,1
28242919337,6,6,1.00,1
28242919338,6,6,1.00,1
28242919339,2,2,1.00,1
28242919735,7,7,1.00,1
28242919736,8,11,1.38,2
28242919737,10,14,1.40,2
28242919738,14,17,1.21,2
28242919739,8,8,1.00,1
28242926935,7,7,1.00,1
28242926936,10,12,1.20,2
28242926937,12,12,1.00,1
28242926938,9,9,1.00,1
28242926939,5,5,1.00,1
28242926940,2,2,1.00,1
28244926035,2,2,1.00,1
28244926036,4,5,1.25,2
28244926037,4,5,1.25,2
28244926038,6,7,1.17,2
28244926039,1,1,1.00,1
28244926135,2,2,1.00,1
28244926136,2,2,1.00,1
28244926137,3,3,1.00,1
28244926138,2,2,1.00,1
28244933436,2,3,1.50,2
28244933437,2,2,1.00,1
28244933438,3,3,1.00,1
28244933439,1,1,1.00,1
28244933536,2,2,1.00,1
28244933537,2,2,1.00,1
28244933538,3,3,1.00,1
28245938335,8,9,1.13,2
28245938336,8,14,1.75,2
28245938337,8,14,1.75,2
28245938338,9,12,1.33,2
28245938339,7,7,1.00,1
28246902635,4,4,1.00,1
28246902636,4,4,1.00,1
28246902637,3,3,1.00,1
28246902638,3,4,1.33,2
28246902639,3,4,1.33,2
28246902935,1,1,1.00,1
28246902936,2,2,1.00,1
28246902937,2,2,1.00,1
28246902938,1,1,1.00,1
28246902939,1,1,1.00,1
28246904135,3,3,1.00,1
28246904136,3,6,2.00,2
28246904137,6,6,1.00,1
28246904138,3,3,1.00,1
28246904139,3,3,1.00,1
28246904140,3,3,1.00,1
28246904335,3,3,1.00,1
28246904336,5,6,1.20,2
28246904337,5,5,1.00,1
28246904338,2,2,1.00,1
28246904339,1,1,1.00,1
28246904340,1,1,1.00,1
28246927835,18,18,1.00,1
28246927836,23,37,1.61,2
28246927837,25,37,1.48,2
28246927838,20,36,1.80,2
28246927839,18,18,1.00,1
28246928035,10,10,1.00,1
28246928036,11,20,1.82,2
28246928037,13,20,1.54,2
28246928038,11,20,1.82,2
28246928039,10,10,1.00,1
28247907236,5,5,1.00,1
28247907237,7,8,1.14,2
28247907238,6,7,1.17,2
28247907239,2,2,1.00,1
28247908335,6,6,1.00,1
28247908336,10,11,1.10,2
28247908337,6,8,1.33,2
28247908338,11,14,1.27,2
28247908339,8,8,1.00,1
28247909035,1,1,1.00,1
28247909036,1,2,2.00,2
28247909037,1,2,2.00,2
28247909038,1,1,1.00,1
28247909039,1,1,1.00,1
28881107538,1,1,1.00,1
28881107539,2,2,1.00,1
28881107540,10,13,1.30,2
28881107541,4,5,1.25,2
28881107543,1,1,1.00,1
28881108338,2,2,1.00,1
28881108339,4,4,1.00,1
28881108340,1,1,1.00,1
28881108341,2,3,1.50,2
28881108342,3,3,1.00,1
28881108343,3,3,1.00,1
28881109538,9,10,1.11,2
28881109539,12,14,1.17,2
28881109540,11,13,1.18,2
28881109541,6,9,1.50,3
28881109542,7,9,1.29,2
28881109543,9,10,1.11,2
28881400438,2,2,1.00,1
28881400439,7,7,1.00,1
28881400440,5,9,1.80,2
28881400441,5,9,1.80,2
28881400442,7,8,1.14,2
28881400443,5,5,1.00,1
28881400539,2,2,1.00,1
28881400540,4,4,1.00,1
28881400541,4,4,1.00,1
28881400542,4,4,1.00,1
28881400543,2,2,1.00,1
28881401238,8,8,1.00,1
28881401239,11,16,1.45,2
28881401240,11,15,1.36,2
28881401241,11,15,1.36,2
28881401242,9,11,1.22,2
28881401243,8,8,1.00,1
28882200038,5,5,1.00,1
28882200039,3,4,1.33,2
28882200040,4,6,1.50,2
28882200041,4,5,1.25,2
28882200042,2,3,1.50,2
28882200043,2,3,1.50,2
28882200138,2,4,2.00,2
28882200139,2,3,1.50,2
28882200140,3,3,1.00,1
28882200141,3,3,1.00,1
28882200142,2,3,1.50,2
28882200143,3,4,1.33,2
28882307235,2,2,1.00,1
28882307236,7,8,1.14,2
28882307237,4,5,1.25,2
28882307238,8,9,1.13,2
28882307239,2,2,1.00,1
35201102535,4,4,1.00,1
35201102538,5,12,2.40,4
35201102539,3,6,2.00,2
40081101538,2,2,1.00,1
40081101539,3,6,2.00,3
40081101540,7,13,1.86,4
40081101541,3,4,1.33,2
40081101542,4,4,1.00,1
40081101543,2,2,1.00,1
40081101544,2,2,1.00,1
40082011141,1,2,2.00,2
40082011142,1,1,1.00,1
40082088842,1,2,2.00,2
40085002837,3,3,1.00,1
40085002838,1,2,2.00,2
40085002839,2,8,4.00,4
40085002840,3,4,1.33,2
40085002841,3,4,1.33,2
48145200341,2,3,1.50,2
48145200440,4,6,1.50,3
48145200441,3,5,1.67,2
50082011735,8,8,1.00,1
50082011736,7,7,1.00,1
50082011737,9,11,1.22,2
50082011738,16,34,2.13,4
50082011739,12,19,1.58,2
55102800642,2,5,2.50,3
55102806339,1,1,1.00,1
55102806340,2,3,1.50,2
55102806341,1,2,2.00,2
55102806342,2,2,1.00,1
55102806838,2,5,2.50,3
55102806839,1,1,1.00,1
55102806840,2,4,2.00,2
55102806841,2,2,1.00,1
55201201738,1,4,4.00,4
55201202238,1,1,1.00,1
55201202239,1,4,4.00,4
55201219035,7,10,1.43,2
55201219036,7,13,1.86,3
55201219037,3,4,1.33,2
55201219038,3,3,1.00,1
55201219039,1,1,1.00,1
57143214340,1,1,1.00,1
57243100235,2,2,1.00,1
57243100236,1,2,2.00,2
57243100237,2,4,2.00,3
57243100238,3,4,1.33,2
57243100239,2,2,1.00,1
57243201337,1,1,1.00,1
57243201339,1,1,1.00,1
57245101435,1,1,1.00,1
57245101436,2,4,2.00,3
57245101437,1,1,1.00,1
57245101438,2,3,1.50,2
57245101439,3,3,1.00,1
85201104341,1,2,2.00,2
85201104342,1,1,1.00,1
85201104343,1,1,1.00,1
85201105438,2,2,1.00,1
85201105439,4,6,1.50,2
85201105440,2,3,1.50,2
85201105441,2,3,1.50,2
85201105442,2,4,2.00,2
85201105443,1,1,1.00,1
85201106738,3,3,1.00,1
85201106739,3,4,1.33,2
85201106740,3,3,1.00,1
85201106741,3,3,1.00,1
85201106742,4,4,1.00,1
85201106743,5,5,1.00,1
85201106840,1,1,1.00,1
85202900538,1,1,1.00,1
85202902536,1,1,1.00,1
85202902538,1,1,1.00,1
88081100037,28,28,1.00,1
88081100038,32,32,1.00,1
88081100039,32,41,1.28,3
88081100040,34,58,1.71,3
88081100041,35,50,1.43,2
88081100042,30,32,1.07,2
88081100043,30,30,1.00,1
88081100044,28,28,1.00,1
88081100138,3,3,1.00,1
88081100139,4,4,1.00,1
88081100140,5,6,1.20,2
88081100141,5,6,1.20,2
88081100142,4,5,1.25,2
88081100143,2,3,1.50,2
88082100838,4,4,1.00,1
88082100839,3,4,1.33,2
88082100840,3,4,1.33,2
88082100841,6,8,1.33,2
88082100842,2,3,1.50,2
88082100843,3,3,1.00,1
88082100844,1,1,1.00,1
88082107740,1,2,2.00,2
88084107539,2,2,1.00,1
88084107541,1,2,2.00,2
88084108738,4,6,1.50,2
88084108739,3,4,1.33,2
88084108740,2,3,1.50,2
88084108741,2,3,1.50,2
88084108742,5,5,1.00,1
88084108743,5,5,1.00,1
88084108939,3,3,1.00,1
88084108940,3,3,1.00,1
88084108941,2,2,1.00,1
88084108942,8,10,1.25,2
88084108943,6,6,1.00,1
88161300840,1,1,1.00,1
88161300841,1,1,1.00,1
88161301740,1,1,1.00,1
88161301741,3,3,1.00,1
88161301841,1,1,1.00,1
88161301842,1,1,1.00,1
88161303138,1,1,1.00,1
88161303139,1,1,1.00,1
88161303143,1,1,1.00,1
88161303338,1,1,1.00,1
88161303339,1,1,1.00,1
88161303340,1,1,1.00,1
88161306138,1,1,1.00,1
88161306139,1,1,1.00,1
88161306140,2,2,1.00,1
88161306141,1,1,1.00,1
88161306142,1,1,1.00,1
88161306241,1,2,2.00,2
88181100438,18,18,1.00,1
88181100439,21,26,1.24,3
88181100440,19,34,1.79,2
88181100441,16,33,2.06,4
88181100442,16,16,1.00,1
88181100443,8,8,1.00,1
88181100839,1,1,1.00,1
88181100840,1,1,1.00,1
88181100841,1,2,2.00,2
88181100842,2,2,1.00,1
88181100843,1,1,1.00,1
88181100844,1,1,1.00,1
88181100938,4,4,1.00,1
88181100939,8,8,1.00,1
88181100940,9,12,1.33,2
88181100941,10,16,1.60,2
88181100942,8,12,1.50,2
88181100943,8,8,1.00,1
88181100944,4,4,1.00,1
88181101038,30,30,1.00,1
88181101039,34,40,1.18,2
88181101040,30,51,1.70,2
88181101041,31,52,1.68,2
88181101042,26,26,1.00,1
88181101043,13,13,1.00,1
88181101438,1,1,1.00,1
88181101439,2,2,1.00,1
88181101441,1,2,2.00,2
88181101442,1,1,1.00,1
88181101639,1,1,1.00,1
88181101640,1,1,1.00,1
88181101641,1,2,2.00,2
88181101642,1,2,2.00,2
88181101643,1,1,1.00,1
88181101644,1,1,1.00,1
88181101738,4,4,1.00,1
88181101739,8,8,1.00,1
88181101740,9,12,1.33,2
88181101741,8,16,2.00,2
88181101742,9,12,1.33,2
88181101743,8,8,1.00,1
88181101744,4,4,1.00,1
88181101938,3,3,1.00,1
88181101939,3,3,1.00,1
88181101940,3,4,1.33,2
88181101941,5,6,1.20,2
88181101942,3,3,1.00,1
88181101943,1,1,1.00,1
88181102038,4,4,1.00,1
88181102039,8,8,1.00,1
88181102040,11,12,1.09,2
88181102041,10,16,1.60,2
88181102042,9,12,1.33,2
88181102043,8,8,1.00,1
88181102044,4,4,1.00,1
88181102239,1,1,1.00,1
88181102240,1,1,1.00,1
88181102241,2,2,1.00,1
88183100438,1,1,1.00,1
88183100439,2,3,1.50,2
88183100440,1,1,1.00,1
88183100441,1,1,1.00,1
88183100638,32,37,1.16,2
88183100639,46,57,1.24,2
88183100640,41,66,1.61,3
88183100641,49,80,1.63,3
88183100642,38,49,1.29,2
88183100643,34,34,1.00,1
88183100644,11,11,1.00,1
88183100838,23,23,1.00,1
88183100839,30,36,1.20,2
88183100840,36,49,1.36,2
88183100841,36,51,1.42,2
88183100842,27,30,1.11,2
88183100843,17,17,1.00,1
88183100844,2,2,1.00,1
88183100938,23,23,1.00,1
88183100939,33,41,1.24,2
88183100940,33,57,1.73,3
88183100941,35,57,1.63,3
88183100942,27,38,1.41,2
88183100943,23,23,1.00,1
88183100944,3,3,1.00,1
190872199978,7,30,4.29,9
190872199992,9,90,10.00,16
190872200018,13,60,4.62,9
190872200032,9,15,1.67,4
190872200056,9,45,5.00,9
190872200063,12,45,3.75,8
190872200070,7,15,2.14,4
190872452295,7,15,2.14,5
190872452318,14,60,4.29,12
190872452332,16,120,7.50,16
190872452356,14,90,6.43,16
190872452370,4,15,3.75,5
190872452394,3,3,1.00,1
190872800546,4,6,1.50,2
190872800560,6,24,4.00,8
190872800584,5,24,4.80,8
190872800607,4,6,1.50,2
190872800621,3,3,1.00,1
191665512066,6,21,3.50,6
191665512080,7,45,6.43,12
191665512103,7,45,6.43,10
191665512127,5,9,1.80,3
191665512141,3,6,2.00,2
191665533856,13,60,4.62,11
191665533870,10,60,6.00,12
191665533894,9,60,6.67,12
191665637103,6,30,5.00,9
191665637127,5,45,9.00,15
191665637141,9,45,5.00,11
191665637165,5,15,3.00,5
191665637189,3,6,2.00,2
191665638292,17,90,5.29,11
191665638315,20,90,4.50,9
191665638339,17,90,5.29,10
191665638353,10,24,2.40,6
191665638377,4,6,1.50,2
191665889434,5,30,6.00,10
191665889458,9,45,5.00,12
191665889472,10,30,3.00,8
191665889496,8,24,3.00,5
191665889519,6,24,4.00,6
191665992035,8,30,3.75,8
191665992059,13,45,3.46,8
191665992073,12,60,5.00,10
191665992097,11,45,4.09,7
191665992103,7,30,4.29,6
191665996477,3,9,3.00,3
191665996491,5,24,4.80,8
191665996514,6,24,4.00,6
191665996538,5,18,3.60,6
191665996552,3,6,2.00,2
192283592096,12,90,7.50,12
192283592119,10,60,6.00,8
192283592133,4,15,3.75,5
888222488185,18,120,6.67,12
888222488192,5,9,1.80,3
888222488208,16,90,5.63,12
888222488222,9,30,3.33,6
888222488246,6,15,2.50,5
